{"cameraMode":{"drawMode":0,"name":"Shaded","section":"Shading Mode"},"sceneLighting":true,"audioPlay":false,"sceneViewState":{"m_AlwaysRefresh":false,"showFog":true,"showSkybox":true,"showFlares":true,"showImageEffects":true,"showParticleSystems":true,"showVisualEffectGraphs":true,"m_FxEnabled":true},"in2DMode":false,"pivot":{"x":1.4293099641799927,"y":2.5171940326690676,"z":2.528825521469116},"rotation":{"x":-0.01850460283458233,"y":-0.10180804878473282,"z":-0.0018958471482619644,"w":0.9946489334106445},"size":10.484649658203125,"orthographic":false}